goal_id,driver_id,driver_name,persona,goal_name,iso_week,weekly_need_sgd,extra_hours_needed,week_net_earned_sgd,week_hours_worked,notional_available_sgd,need_covered,gap_sgd,recommended_windows
goal_siti_sg_10_1,drv_siti_sg_10,Siti Rahman,firefighter,Health insurance premium fund,2026-W09,26.67,1.1,764.96,52.69,91.8,True,0.0,"Sun 19:00 Marina Bay / Sands (~S$25/hr, x1.82); Fri 19:00 Sentosa / HarbourFront (~S$25/hr, x1.81); Sun 18:00 Marina Bay / Sands (~S$25/hr, x1.79)"
goal_siti_sg_10_1,drv_siti_sg_10,Siti Rahman,firefighter,Health insurance premium fund,2026-W10,26.67,1.1,625.53,56.0,75.06,True,0.0,"Sun 19:00 Marina Bay / Sands (~S$25/hr, x1.82); Fri 19:00 Sentosa / HarbourFront (~S$25/hr, x1.81); Sun 18:00 Marina Bay / Sands (~S$25/hr, x1.79)"
goal_siti_sg_10_1,drv_siti_sg_10,Siti Rahman,firefighter,Health insurance premium fund,2026-W11,26.67,1.1,643.05,50.8,77.17,True,0.0,"Sun 19:00 Marina Bay / Sands (~S$25/hr, x1.82); Fri 19:00 Sentosa / HarbourFront (~S$25/hr, x1.81); Sun 18:00 Marina Bay / Sands (~S$25/hr, x1.79)"
goal_siti_sg_10_1,drv_siti_sg_10,Siti Rahman,firefighter,Health insurance premium fund,2026-W12,26.67,1.1,526.43,51.01,63.17,True,0.0,"Sun 19:00 Marina Bay / Sands (~S$25/hr, x1.82); Fri 19:00 Sentosa / HarbourFront (~S$25/hr, x1.81); Sun 18:00 Marina Bay / Sands (~S$25/hr, x1.79)"
goal_siti_sg_10_1,drv_siti_sg_10,Siti Rahman,firefighter,Health insurance premium fund,2026-W13,26.67,1.1,861.91,55.1,103.43,True,0.0,"Sun 19:00 Marina Bay / Sands (~S$25/hr, x1.82); Fri 19:00 Sentosa / HarbourFront (~S$25/hr, x1.81); Sun 18:00 Marina Bay / Sands (~S$25/hr, x1.79)"
goal_siti_sg_10_1,drv_siti_sg_10,Siti Rahman,firefighter,Health insurance premium fund,2026-W14,26.67,1.1,923.63,57.29,110.84,True,0.0,"Sun 19:00 Marina Bay / Sands (~S$25/hr, x1.82); Fri 19:00 Sentosa / HarbourFront (~S$25/hr, x1.81); Sun 18:00 Marina Bay / Sands (~S$25/hr, x1.79)"
goal_siti_sg_10_1,drv_siti_sg_10,Siti Rahman,firefighter,Health insurance premium fund,2026-W15,26.67,1.1,982.3,57.39,117.88,True,0.0,"Sun 19:00 Marina Bay / Sands (~S$25/hr, x1.82); Fri 19:00 Sentosa / HarbourFront (~S$25/hr, x1.81); Sun 18:00 Marina Bay / Sands (~S$25/hr, x1.79)"
goal_siti_sg_10_1,drv_siti_sg_10,Siti Rahman,firefighter,Health insurance premium fund,2026-W16,26.67,1.1,891.18,47.31,106.94,True,0.0,"Sun 19:00 Marina Bay / Sands (~S$25/hr, x1.82); Fri 19:00 Sentosa / HarbourFront (~S$25/hr, x1.81); Sun 18:00 Marina Bay / Sands (~S$25/hr, x1.79)"
goal_siti_sg_10_1,drv_siti_sg_10,Siti Rahman,firefighter,Health insurance premium fund,2026-W17,26.67,1.1,983.64,51.09,118.04,True,0.0,"Sun 19:00 Marina Bay / Sands (~S$25/hr, x1.82); Fri 19:00 Sentosa / HarbourFront (~S$25/hr, x1.81); Sun 18:00 Marina Bay / Sands (~S$25/hr, x1.79)"
goal_siti_sg_10_1,drv_siti_sg_10,Siti Rahman,firefighter,Health insurance premium fund,2026-W18,26.67,1.1,848.54,45.8,101.82,True,0.0,"Sun 19:00 Marina Bay / Sands (~S$25/hr, x1.82); Fri 19:00 Sentosa / HarbourFront (~S$25/hr, x1.81); Sun 18:00 Marina Bay / Sands (~S$25/hr, x1.79)"
goal_siti_sg_10_1,drv_siti_sg_10,Siti Rahman,firefighter,Health insurance premium fund,2026-W19,26.67,1.1,1020.39,60.21,122.45,True,0.0,"Sun 19:00 Marina Bay / Sands (~S$25/hr, x1.82); Fri 19:00 Sentosa / HarbourFront (~S$25/hr, x1.81); Sun 18:00 Marina Bay / Sands (~S$25/hr, x1.79)"
goal_siti_sg_10_1,drv_siti_sg_10,Siti Rahman,firefighter,Health insurance premium fund,2026-W20,26.67,1.1,740.77,36.31,88.89,True,0.0,"Sun 19:00 Marina Bay / Sands (~S$25/hr, x1.82); Fri 19:00 Sentosa / HarbourFront (~S$25/hr, x1.81); Sun 18:00 Marina Bay / Sands (~S$25/hr, x1.79)"
goal_siti_sg_10_3,drv_siti_sg_10,Siti Rahman,firefighter,Pay off vehicle loan early,2026-W09,117.88,4.7,764.96,52.69,91.8,False,26.08,"Sun 19:00 Marina Bay / Sands (~S$25/hr, x1.82); Fri 19:00 Sentosa / HarbourFront (~S$25/hr, x1.81); Sun 18:00 Marina Bay / Sands (~S$25/hr, x1.79)"
goal_siti_sg_10_3,drv_siti_sg_10,Siti Rahman,firefighter,Pay off vehicle loan early,2026-W10,117.88,4.7,625.53,56.0,75.06,False,42.82,"Sun 19:00 Marina Bay / Sands (~S$25/hr, x1.82); Fri 19:00 Sentosa / HarbourFront (~S$25/hr, x1.81); Sun 18:00 Marina Bay / Sands (~S$25/hr, x1.79)"
goal_siti_sg_10_3,drv_siti_sg_10,Siti Rahman,firefighter,Pay off vehicle loan early,2026-W11,117.88,4.7,643.05,50.8,77.17,False,40.71,"Sun 19:00 Marina Bay / Sands (~S$25/hr, x1.82); Fri 19:00 Sentosa / HarbourFront (~S$25/hr, x1.81); Sun 18:00 Marina Bay / Sands (~S$25/hr, x1.79)"
goal_siti_sg_10_3,drv_siti_sg_10,Siti Rahman,firefighter,Pay off vehicle loan early,2026-W12,117.88,4.7,526.43,51.01,63.17,False,54.71,"Sun 19:00 Marina Bay / Sands (~S$25/hr, x1.82); Fri 19:00 Sentosa / HarbourFront (~S$25/hr, x1.81); Sun 18:00 Marina Bay / Sands (~S$25/hr, x1.79)"
goal_siti_sg_10_3,drv_siti_sg_10,Siti Rahman,firefighter,Pay off vehicle loan early,2026-W13,117.88,4.7,861.91,55.1,103.43,False,14.45,"Sun 19:00 Marina Bay / Sands (~S$25/hr, x1.82); Fri 19:00 Sentosa / HarbourFront (~S$25/hr, x1.81); Sun 18:00 Marina Bay / Sands (~S$25/hr, x1.79)"
goal_siti_sg_10_3,drv_siti_sg_10,Siti Rahman,firefighter,Pay off vehicle loan early,2026-W14,117.88,4.7,923.63,57.29,110.84,False,7.04,"Sun 19:00 Marina Bay / Sands (~S$25/hr, x1.82); Fri 19:00 Sentosa / HarbourFront (~S$25/hr, x1.81); Sun 18:00 Marina Bay / Sands (~S$25/hr, x1.79)"
goal_siti_sg_10_3,drv_siti_sg_10,Siti Rahman,firefighter,Pay off vehicle loan early,2026-W15,117.88,4.7,982.3,57.39,117.88,True,0.0,"Sun 19:00 Marina Bay / Sands (~S$25/hr, x1.82); Fri 19:00 Sentosa / HarbourFront (~S$25/hr, x1.81); Sun 18:00 Marina Bay / Sands (~S$25/hr, x1.79)"
goal_siti_sg_10_3,drv_siti_sg_10,Siti Rahman,firefighter,Pay off vehicle loan early,2026-W16,117.88,4.7,891.18,47.31,106.94,False,10.94,"Sun 19:00 Marina Bay / Sands (~S$25/hr, x1.82); Fri 19:00 Sentosa / HarbourFront (~S$25/hr, x1.81); Sun 18:00 Marina Bay / Sands (~S$25/hr, x1.79)"
goal_siti_sg_10_3,drv_siti_sg_10,Siti Rahman,firefighter,Pay off vehicle loan early,2026-W17,117.88,4.7,983.64,51.09,118.04,True,0.0,"Sun 19:00 Marina Bay / Sands (~S$25/hr, x1.82); Fri 19:00 Sentosa / HarbourFront (~S$25/hr, x1.81); Sun 18:00 Marina Bay / Sands (~S$25/hr, x1.79)"
goal_siti_sg_10_3,drv_siti_sg_10,Siti Rahman,firefighter,Pay off vehicle loan early,2026-W18,117.88,4.7,848.54,45.8,101.82,False,16.06,"Sun 19:00 Marina Bay / Sands (~S$25/hr, x1.82); Fri 19:00 Sentosa / HarbourFront (~S$25/hr, x1.81); Sun 18:00 Marina Bay / Sands (~S$25/hr, x1.79)"
goal_siti_sg_10_3,drv_siti_sg_10,Siti Rahman,firefighter,Pay off vehicle loan early,2026-W19,117.88,4.7,1020.39,60.21,122.45,True,0.0,"Sun 19:00 Marina Bay / Sands (~S$25/hr, x1.82); Fri 19:00 Sentosa / HarbourFront (~S$25/hr, x1.81); Sun 18:00 Marina Bay / Sands (~S$25/hr, x1.79)"
goal_siti_sg_10_3,drv_siti_sg_10,Siti Rahman,firefighter,Pay off vehicle loan early,2026-W20,117.88,4.7,740.77,36.31,88.89,False,28.99,"Sun 19:00 Marina Bay / Sands (~S$25/hr, x1.82); Fri 19:00 Sentosa / HarbourFront (~S$25/hr, x1.81); Sun 18:00 Marina Bay / Sands (~S$25/hr, x1.79)"
goal_mei_sg_11_1,drv_mei_sg_11,Mei Lin Tan,firefighter,Income smoothing buffer,2026-W09,0.0,0.0,1017.69,54.72,122.12,True,0.0,"Sun 07:00 Changi Airport (~S$25/hr, x1.72); Sun 08:00 Changi Airport (~S$25/hr, x1.7); Sun 18:00 Changi Airport (~S$25/hr, x1.68)"
goal_mei_sg_11_1,drv_mei_sg_11,Mei Lin Tan,firefighter,Income smoothing buffer,2026-W10,0.0,0.0,986.67,54.5,118.4,True,0.0,"Sun 07:00 Changi Airport (~S$25/hr, x1.72); Sun 08:00 Changi Airport (~S$25/hr, x1.7); Sun 18:00 Changi Airport (~S$25/hr, x1.68)"
goal_mei_sg_11_1,drv_mei_sg_11,Mei Lin Tan,firefighter,Income smoothing buffer,2026-W11,0.0,0.0,769.54,64.81,92.34,True,0.0,"Sun 07:00 Changi Airport (~S$25/hr, x1.72); Sun 08:00 Changi Airport (~S$25/hr, x1.7); Sun 18:00 Changi Airport (~S$25/hr, x1.68)"
goal_mei_sg_11_1,drv_mei_sg_11,Mei Lin Tan,firefighter,Income smoothing buffer,2026-W12,0.0,0.0,889.09,59.09,106.69,True,0.0,"Sun 07:00 Changi Airport (~S$25/hr, x1.72); Sun 08:00 Changi Airport (~S$25/hr, x1.7); Sun 18:00 Changi Airport (~S$25/hr, x1.68)"
goal_mei_sg_11_1,drv_mei_sg_11,Mei Lin Tan,firefighter,Income smoothing buffer,2026-W13,0.0,0.0,722.77,43.3,86.73,True,0.0,"Sun 07:00 Changi Airport (~S$25/hr, x1.72); Sun 08:00 Changi Airport (~S$25/hr, x1.7); Sun 18:00 Changi Airport (~S$25/hr, x1.68)"
goal_mei_sg_11_1,drv_mei_sg_11,Mei Lin Tan,firefighter,Income smoothing buffer,2026-W14,0.0,0.0,356.27,20.4,42.75,True,0.0,"Sun 07:00 Changi Airport (~S$25/hr, x1.72); Sun 08:00 Changi Airport (~S$25/hr, x1.7); Sun 18:00 Changi Airport (~S$25/hr, x1.68)"
goal_mei_sg_11_1,drv_mei_sg_11,Mei Lin Tan,firefighter,Income smoothing buffer,2026-W15,0.0,0.0,968.07,64.09,116.17,True,0.0,"Sun 07:00 Changi Airport (~S$25/hr, x1.72); Sun 08:00 Changi Airport (~S$25/hr, x1.7); Sun 18:00 Changi Airport (~S$25/hr, x1.68)"
goal_mei_sg_11_1,drv_mei_sg_11,Mei Lin Tan,firefighter,Income smoothing buffer,2026-W16,0.0,0.0,1009.84,51.6,121.18,True,0.0,"Sun 07:00 Changi Airport (~S$25/hr, x1.72); Sun 08:00 Changi Airport (~S$25/hr, x1.7); Sun 18:00 Changi Airport (~S$25/hr, x1.68)"
goal_mei_sg_11_1,drv_mei_sg_11,Mei Lin Tan,firefighter,Income smoothing buffer,2026-W17,0.0,0.0,1089.05,52.4,130.69,True,0.0,"Sun 07:00 Changi Airport (~S$25/hr, x1.72); Sun 08:00 Changi Airport (~S$25/hr, x1.7); Sun 18:00 Changi Airport (~S$25/hr, x1.68)"
goal_mei_sg_11_1,drv_mei_sg_11,Mei Lin Tan,firefighter,Income smoothing buffer,2026-W18,0.0,0.0,933.66,54.11,112.04,True,0.0,"Sun 07:00 Changi Airport (~S$25/hr, x1.72); Sun 08:00 Changi Airport (~S$25/hr, x1.7); Sun 18:00 Changi Airport (~S$25/hr, x1.68)"
goal_mei_sg_11_1,drv_mei_sg_11,Mei Lin Tan,firefighter,Income smoothing buffer,2026-W19,0.0,0.0,909.82,51.32,109.18,True,0.0,"Sun 07:00 Changi Airport (~S$25/hr, x1.72); Sun 08:00 Changi Airport (~S$25/hr, x1.7); Sun 18:00 Changi Airport (~S$25/hr, x1.68)"
goal_mei_sg_11_1,drv_mei_sg_11,Mei Lin Tan,firefighter,Income smoothing buffer,2026-W20,0.0,0.0,758.91,46.91,91.07,True,0.0,"Sun 07:00 Changi Airport (~S$25/hr, x1.72); Sun 08:00 Changi Airport (~S$25/hr, x1.7); Sun 18:00 Changi Airport (~S$25/hr, x1.68)"
goal_mei_sg_11_2,drv_mei_sg_11,Mei Lin Tan,firefighter,Major vehicle service fund,2026-W09,0.0,0.0,1017.69,54.72,122.12,True,0.0,"Sun 07:00 Changi Airport (~S$25/hr, x1.72); Sun 08:00 Changi Airport (~S$25/hr, x1.7); Sun 18:00 Changi Airport (~S$25/hr, x1.68)"
goal_mei_sg_11_2,drv_mei_sg_11,Mei Lin Tan,firefighter,Major vehicle service fund,2026-W10,0.0,0.0,986.67,54.5,118.4,True,0.0,"Sun 07:00 Changi Airport (~S$25/hr, x1.72); Sun 08:00 Changi Airport (~S$25/hr, x1.7); Sun 18:00 Changi Airport (~S$25/hr, x1.68)"
goal_mei_sg_11_2,drv_mei_sg_11,Mei Lin Tan,firefighter,Major vehicle service fund,2026-W11,0.0,0.0,769.54,64.81,92.34,True,0.0,"Sun 07:00 Changi Airport (~S$25/hr, x1.72); Sun 08:00 Changi Airport (~S$25/hr, x1.7); Sun 18:00 Changi Airport (~S$25/hr, x1.68)"
goal_mei_sg_11_2,drv_mei_sg_11,Mei Lin Tan,firefighter,Major vehicle service fund,2026-W12,0.0,0.0,889.09,59.09,106.69,True,0.0,"Sun 07:00 Changi Airport (~S$25/hr, x1.72); Sun 08:00 Changi Airport (~S$25/hr, x1.7); Sun 18:00 Changi Airport (~S$25/hr, x1.68)"
goal_mei_sg_11_2,drv_mei_sg_11,Mei Lin Tan,firefighter,Major vehicle service fund,2026-W13,0.0,0.0,722.77,43.3,86.73,True,0.0,"Sun 07:00 Changi Airport (~S$25/hr, x1.72); Sun 08:00 Changi Airport (~S$25/hr, x1.7); Sun 18:00 Changi Airport (~S$25/hr, x1.68)"
goal_mei_sg_11_2,drv_mei_sg_11,Mei Lin Tan,firefighter,Major vehicle service fund,2026-W14,0.0,0.0,356.27,20.4,42.75,True,0.0,"Sun 07:00 Changi Airport (~S$25/hr, x1.72); Sun 08:00 Changi Airport (~S$25/hr, x1.7); Sun 18:00 Changi Airport (~S$25/hr, x1.68)"
goal_mei_sg_11_2,drv_mei_sg_11,Mei Lin Tan,firefighter,Major vehicle service fund,2026-W15,0.0,0.0,968.07,64.09,116.17,True,0.0,"Sun 07:00 Changi Airport (~S$25/hr, x1.72); Sun 08:00 Changi Airport (~S$25/hr, x1.7); Sun 18:00 Changi Airport (~S$25/hr, x1.68)"
goal_mei_sg_11_2,drv_mei_sg_11,Mei Lin Tan,firefighter,Major vehicle service fund,2026-W16,0.0,0.0,1009.84,51.6,121.18,True,0.0,"Sun 07:00 Changi Airport (~S$25/hr, x1.72); Sun 08:00 Changi Airport (~S$25/hr, x1.7); Sun 18:00 Changi Airport (~S$25/hr, x1.68)"
goal_mei_sg_11_2,drv_mei_sg_11,Mei Lin Tan,firefighter,Major vehicle service fund,2026-W17,0.0,0.0,1089.05,52.4,130.69,True,0.0,"Sun 07:00 Changi Airport (~S$25/hr, x1.72); Sun 08:00 Changi Airport (~S$25/hr, x1.7); Sun 18:00 Changi Airport (~S$25/hr, x1.68)"
goal_mei_sg_11_2,drv_mei_sg_11,Mei Lin Tan,firefighter,Major vehicle service fund,2026-W18,0.0,0.0,933.66,54.11,112.04,True,0.0,"Sun 07:00 Changi Airport (~S$25/hr, x1.72); Sun 08:00 Changi Airport (~S$25/hr, x1.7); Sun 18:00 Changi Airport (~S$25/hr, x1.68)"
goal_mei_sg_11_2,drv_mei_sg_11,Mei Lin Tan,firefighter,Major vehicle service fund,2026-W19,0.0,0.0,909.82,51.32,109.18,True,0.0,"Sun 07:00 Changi Airport (~S$25/hr, x1.72); Sun 08:00 Changi Airport (~S$25/hr, x1.7); Sun 18:00 Changi Airport (~S$25/hr, x1.68)"
goal_mei_sg_11_2,drv_mei_sg_11,Mei Lin Tan,firefighter,Major vehicle service fund,2026-W20,0.0,0.0,758.91,46.91,91.07,True,0.0,"Sun 07:00 Changi Airport (~S$25/hr, x1.72); Sun 08:00 Changi Airport (~S$25/hr, x1.7); Sun 18:00 Changi Airport (~S$25/hr, x1.68)"
goal_mei_sg_11_3,drv_mei_sg_11,Mei Lin Tan,firefighter,Clear BNPL balance,2026-W09,226.67,9.1,1017.69,54.72,122.12,False,104.55,"Sun 07:00 Changi Airport (~S$25/hr, x1.72); Sun 08:00 Changi Airport (~S$25/hr, x1.7); Sun 18:00 Changi Airport (~S$25/hr, x1.68)"
goal_mei_sg_11_3,drv_mei_sg_11,Mei Lin Tan,firefighter,Clear BNPL balance,2026-W10,226.67,9.1,986.67,54.5,118.4,False,108.27,"Sun 07:00 Changi Airport (~S$25/hr, x1.72); Sun 08:00 Changi Airport (~S$25/hr, x1.7); Sun 18:00 Changi Airport (~S$25/hr, x1.68)"
goal_mei_sg_11_3,drv_mei_sg_11,Mei Lin Tan,firefighter,Clear BNPL balance,2026-W11,226.67,9.1,769.54,64.81,92.34,False,134.33,"Sun 07:00 Changi Airport (~S$25/hr, x1.72); Sun 08:00 Changi Airport (~S$25/hr, x1.7); Sun 18:00 Changi Airport (~S$25/hr, x1.68)"
goal_mei_sg_11_3,drv_mei_sg_11,Mei Lin Tan,firefighter,Clear BNPL balance,2026-W12,226.67,9.1,889.09,59.09,106.69,False,119.98,"Sun 07:00 Changi Airport (~S$25/hr, x1.72); Sun 08:00 Changi Airport (~S$25/hr, x1.7); Sun 18:00 Changi Airport (~S$25/hr, x1.68)"
goal_mei_sg_11_3,drv_mei_sg_11,Mei Lin Tan,firefighter,Clear BNPL balance,2026-W13,226.67,9.1,722.77,43.3,86.73,False,139.94,"Sun 07:00 Changi Airport (~S$25/hr, x1.72); Sun 08:00 Changi Airport (~S$25/hr, x1.7); Sun 18:00 Changi Airport (~S$25/hr, x1.68)"
goal_mei_sg_11_3,drv_mei_sg_11,Mei Lin Tan,firefighter,Clear BNPL balance,2026-W14,226.67,9.1,356.27,20.4,42.75,False,183.92,"Sun 07:00 Changi Airport (~S$25/hr, x1.72); Sun 08:00 Changi Airport (~S$25/hr, x1.7); Sun 18:00 Changi Airport (~S$25/hr, x1.68)"
goal_mei_sg_11_3,drv_mei_sg_11,Mei Lin Tan,firefighter,Clear BNPL balance,2026-W15,226.67,9.1,968.07,64.09,116.17,False,110.5,"Sun 07:00 Changi Airport (~S$25/hr, x1.72); Sun 08:00 Changi Airport (~S$25/hr, x1.7); Sun 18:00 Changi Airport (~S$25/hr, x1.68)"
goal_mei_sg_11_3,drv_mei_sg_11,Mei Lin Tan,firefighter,Clear BNPL balance,2026-W16,226.67,9.1,1009.84,51.6,121.18,False,105.49,"Sun 07:00 Changi Airport (~S$25/hr, x1.72); Sun 08:00 Changi Airport (~S$25/hr, x1.7); Sun 18:00 Changi Airport (~S$25/hr, x1.68)"
goal_mei_sg_11_3,drv_mei_sg_11,Mei Lin Tan,firefighter,Clear BNPL balance,2026-W17,226.67,9.1,1089.05,52.4,130.69,False,95.98,"Sun 07:00 Changi Airport (~S$25/hr, x1.72); Sun 08:00 Changi Airport (~S$25/hr, x1.7); Sun 18:00 Changi Airport (~S$25/hr, x1.68)"
goal_mei_sg_11_3,drv_mei_sg_11,Mei Lin Tan,firefighter,Clear BNPL balance,2026-W18,226.67,9.1,933.66,54.11,112.04,False,114.63,"Sun 07:00 Changi Airport (~S$25/hr, x1.72); Sun 08:00 Changi Airport (~S$25/hr, x1.7); Sun 18:00 Changi Airport (~S$25/hr, x1.68)"
goal_mei_sg_11_3,drv_mei_sg_11,Mei Lin Tan,firefighter,Clear BNPL balance,2026-W19,226.67,9.1,909.82,51.32,109.18,False,117.49,"Sun 07:00 Changi Airport (~S$25/hr, x1.72); Sun 08:00 Changi Airport (~S$25/hr, x1.7); Sun 18:00 Changi Airport (~S$25/hr, x1.68)"
goal_mei_sg_11_3,drv_mei_sg_11,Mei Lin Tan,firefighter,Clear BNPL balance,2026-W20,226.67,9.1,758.91,46.91,91.07,False,135.6,"Sun 07:00 Changi Airport (~S$25/hr, x1.72); Sun 08:00 Changi Airport (~S$25/hr, x1.7); Sun 18:00 Changi Airport (~S$25/hr, x1.68)"
goal_kumar_sg_12_1,drv_kumar_sg_12,Kumar Raj,grower,Health insurance premium fund,2026-W09,25.42,1.0,1430.13,55.28,171.62,True,0.0,"Sat 18:00 Tampines (~S$25/hr, x1.76); Sat 19:00 Tampines (~S$25/hr, x1.76); Sat 08:00 Tampines (~S$25/hr, x1.73)"
goal_kumar_sg_12_1,drv_kumar_sg_12,Kumar Raj,grower,Health insurance premium fund,2026-W10,25.42,1.0,1363.01,57.12,163.56,True,0.0,"Sat 18:00 Tampines (~S$25/hr, x1.76); Sat 19:00 Tampines (~S$25/hr, x1.76); Sat 08:00 Tampines (~S$25/hr, x1.73)"
goal_kumar_sg_12_1,drv_kumar_sg_12,Kumar Raj,grower,Health insurance premium fund,2026-W11,25.42,1.0,1376.72,53.99,165.21,True,0.0,"Sat 18:00 Tampines (~S$25/hr, x1.76); Sat 19:00 Tampines (~S$25/hr, x1.76); Sat 08:00 Tampines (~S$25/hr, x1.73)"
goal_kumar_sg_12_1,drv_kumar_sg_12,Kumar Raj,grower,Health insurance premium fund,2026-W12,25.42,1.0,1177.56,60.11,141.31,True,0.0,"Sat 18:00 Tampines (~S$25/hr, x1.76); Sat 19:00 Tampines (~S$25/hr, x1.76); Sat 08:00 Tampines (~S$25/hr, x1.73)"
goal_kumar_sg_12_1,drv_kumar_sg_12,Kumar Raj,grower,Health insurance premium fund,2026-W13,25.42,1.0,1232.99,54.59,147.96,True,0.0,"Sat 18:00 Tampines (~S$25/hr, x1.76); Sat 19:00 Tampines (~S$25/hr, x1.76); Sat 08:00 Tampines (~S$25/hr, x1.73)"
goal_kumar_sg_12_1,drv_kumar_sg_12,Kumar Raj,grower,Health insurance premium fund,2026-W14,25.42,1.0,1396.05,55.4,167.53,True,0.0,"Sat 18:00 Tampines (~S$25/hr, x1.76); Sat 19:00 Tampines (~S$25/hr, x1.76); Sat 08:00 Tampines (~S$25/hr, x1.73)"
goal_kumar_sg_12_1,drv_kumar_sg_12,Kumar Raj,grower,Health insurance premium fund,2026-W15,25.42,1.0,1341.43,51.4,160.97,True,0.0,"Sat 18:00 Tampines (~S$25/hr, x1.76); Sat 19:00 Tampines (~S$25/hr, x1.76); Sat 08:00 Tampines (~S$25/hr, x1.73)"
goal_kumar_sg_12_1,drv_kumar_sg_12,Kumar Raj,grower,Health insurance premium fund,2026-W16,25.42,1.0,1427.56,55.3,171.31,True,0.0,"Sat 18:00 Tampines (~S$25/hr, x1.76); Sat 19:00 Tampines (~S$25/hr, x1.76); Sat 08:00 Tampines (~S$25/hr, x1.73)"
goal_kumar_sg_12_1,drv_kumar_sg_12,Kumar Raj,grower,Health insurance premium fund,2026-W17,25.42,1.0,1509.68,58.69,181.16,True,0.0,"Sat 18:00 Tampines (~S$25/hr, x1.76); Sat 19:00 Tampines (~S$25/hr, x1.76); Sat 08:00 Tampines (~S$25/hr, x1.73)"
goal_kumar_sg_12_1,drv_kumar_sg_12,Kumar Raj,grower,Health insurance premium fund,2026-W18,25.42,1.0,1442.48,51.8,173.1,True,0.0,"Sat 18:00 Tampines (~S$25/hr, x1.76); Sat 19:00 Tampines (~S$25/hr, x1.76); Sat 08:00 Tampines (~S$25/hr, x1.73)"
goal_kumar_sg_12_1,drv_kumar_sg_12,Kumar Raj,grower,Health insurance premium fund,2026-W19,25.42,1.0,1426.81,57.61,171.22,True,0.0,"Sat 18:00 Tampines (~S$25/hr, x1.76); Sat 19:00 Tampines (~S$25/hr, x1.76); Sat 08:00 Tampines (~S$25/hr, x1.73)"
goal_kumar_sg_12_1,drv_kumar_sg_12,Kumar Raj,grower,Health insurance premium fund,2026-W20,25.42,1.0,1275.6,41.2,153.07,True,0.0,"Sat 18:00 Tampines (~S$25/hr, x1.76); Sat 19:00 Tampines (~S$25/hr, x1.76); Sat 08:00 Tampines (~S$25/hr, x1.73)"
goal_kumar_sg_12_2,drv_kumar_sg_12,Kumar Raj,grower,Emergency fund,2026-W09,117.06,4.7,1430.13,55.28,171.62,True,0.0,"Sat 18:00 Tampines (~S$25/hr, x1.76); Sat 19:00 Tampines (~S$25/hr, x1.76); Sat 08:00 Tampines (~S$25/hr, x1.73)"
goal_kumar_sg_12_2,drv_kumar_sg_12,Kumar Raj,grower,Emergency fund,2026-W10,117.06,4.7,1363.01,57.12,163.56,True,0.0,"Sat 18:00 Tampines (~S$25/hr, x1.76); Sat 19:00 Tampines (~S$25/hr, x1.76); Sat 08:00 Tampines (~S$25/hr, x1.73)"
goal_kumar_sg_12_2,drv_kumar_sg_12,Kumar Raj,grower,Emergency fund,2026-W11,117.06,4.7,1376.72,53.99,165.21,True,0.0,"Sat 18:00 Tampines (~S$25/hr, x1.76); Sat 19:00 Tampines (~S$25/hr, x1.76); Sat 08:00 Tampines (~S$25/hr, x1.73)"
goal_kumar_sg_12_2,drv_kumar_sg_12,Kumar Raj,grower,Emergency fund,2026-W12,117.06,4.7,1177.56,60.11,141.31,True,0.0,"Sat 18:00 Tampines (~S$25/hr, x1.76); Sat 19:00 Tampines (~S$25/hr, x1.76); Sat 08:00 Tampines (~S$25/hr, x1.73)"
goal_kumar_sg_12_2,drv_kumar_sg_12,Kumar Raj,grower,Emergency fund,2026-W13,117.06,4.7,1232.99,54.59,147.96,True,0.0,"Sat 18:00 Tampines (~S$25/hr, x1.76); Sat 19:00 Tampines (~S$25/hr, x1.76); Sat 08:00 Tampines (~S$25/hr, x1.73)"
goal_kumar_sg_12_2,drv_kumar_sg_12,Kumar Raj,grower,Emergency fund,2026-W14,117.06,4.7,1396.05,55.4,167.53,True,0.0,"Sat 18:00 Tampines (~S$25/hr, x1.76); Sat 19:00 Tampines (~S$25/hr, x1.76); Sat 08:00 Tampines (~S$25/hr, x1.73)"
goal_kumar_sg_12_2,drv_kumar_sg_12,Kumar Raj,grower,Emergency fund,2026-W15,117.06,4.7,1341.43,51.4,160.97,True,0.0,"Sat 18:00 Tampines (~S$25/hr, x1.76); Sat 19:00 Tampines (~S$25/hr, x1.76); Sat 08:00 Tampines (~S$25/hr, x1.73)"
goal_kumar_sg_12_2,drv_kumar_sg_12,Kumar Raj,grower,Emergency fund,2026-W16,117.06,4.7,1427.56,55.3,171.31,True,0.0,"Sat 18:00 Tampines (~S$25/hr, x1.76); Sat 19:00 Tampines (~S$25/hr, x1.76); Sat 08:00 Tampines (~S$25/hr, x1.73)"
goal_kumar_sg_12_2,drv_kumar_sg_12,Kumar Raj,grower,Emergency fund,2026-W17,117.06,4.7,1509.68,58.69,181.16,True,0.0,"Sat 18:00 Tampines (~S$25/hr, x1.76); Sat 19:00 Tampines (~S$25/hr, x1.76); Sat 08:00 Tampines (~S$25/hr, x1.73)"
goal_kumar_sg_12_2,drv_kumar_sg_12,Kumar Raj,grower,Emergency fund,2026-W18,117.06,4.7,1442.48,51.8,173.1,True,0.0,"Sat 18:00 Tampines (~S$25/hr, x1.76); Sat 19:00 Tampines (~S$25/hr, x1.76); Sat 08:00 Tampines (~S$25/hr, x1.73)"
goal_kumar_sg_12_2,drv_kumar_sg_12,Kumar Raj,grower,Emergency fund,2026-W19,117.06,4.7,1426.81,57.61,171.22,True,0.0,"Sat 18:00 Tampines (~S$25/hr, x1.76); Sat 19:00 Tampines (~S$25/hr, x1.76); Sat 08:00 Tampines (~S$25/hr, x1.73)"
goal_kumar_sg_12_2,drv_kumar_sg_12,Kumar Raj,grower,Emergency fund,2026-W20,117.06,4.7,1275.6,41.2,153.07,True,0.0,"Sat 18:00 Tampines (~S$25/hr, x1.76); Sat 19:00 Tampines (~S$25/hr, x1.76); Sat 08:00 Tampines (~S$25/hr, x1.73)"
goal_kumar_sg_12_3,drv_kumar_sg_12,Kumar Raj,grower,Upgrade to a better vehicle,2026-W09,180.4,7.2,1430.13,55.28,171.62,False,8.78,"Sat 18:00 Tampines (~S$25/hr, x1.76); Sat 19:00 Tampines (~S$25/hr, x1.76); Sat 08:00 Tampines (~S$25/hr, x1.73)"
goal_kumar_sg_12_3,drv_kumar_sg_12,Kumar Raj,grower,Upgrade to a better vehicle,2026-W10,180.4,7.2,1363.01,57.12,163.56,False,16.84,"Sat 18:00 Tampines (~S$25/hr, x1.76); Sat 19:00 Tampines (~S$25/hr, x1.76); Sat 08:00 Tampines (~S$25/hr, x1.73)"
goal_kumar_sg_12_3,drv_kumar_sg_12,Kumar Raj,grower,Upgrade to a better vehicle,2026-W11,180.4,7.2,1376.72,53.99,165.21,False,15.19,"Sat 18:00 Tampines (~S$25/hr, x1.76); Sat 19:00 Tampines (~S$25/hr, x1.76); Sat 08:00 Tampines (~S$25/hr, x1.73)"
goal_kumar_sg_12_3,drv_kumar_sg_12,Kumar Raj,grower,Upgrade to a better vehicle,2026-W12,180.4,7.2,1177.56,60.11,141.31,False,39.09,"Sat 18:00 Tampines (~S$25/hr, x1.76); Sat 19:00 Tampines (~S$25/hr, x1.76); Sat 08:00 Tampines (~S$25/hr, x1.73)"
goal_kumar_sg_12_3,drv_kumar_sg_12,Kumar Raj,grower,Upgrade to a better vehicle,2026-W13,180.4,7.2,1232.99,54.59,147.96,False,32.44,"Sat 18:00 Tampines (~S$25/hr, x1.76); Sat 19:00 Tampines (~S$25/hr, x1.76); Sat 08:00 Tampines (~S$25/hr, x1.73)"
goal_kumar_sg_12_3,drv_kumar_sg_12,Kumar Raj,grower,Upgrade to a better vehicle,2026-W14,180.4,7.2,1396.05,55.4,167.53,False,12.87,"Sat 18:00 Tampines (~S$25/hr, x1.76); Sat 19:00 Tampines (~S$25/hr, x1.76); Sat 08:00 Tampines (~S$25/hr, x1.73)"
goal_kumar_sg_12_3,drv_kumar_sg_12,Kumar Raj,grower,Upgrade to a better vehicle,2026-W15,180.4,7.2,1341.43,51.4,160.97,False,19.43,"Sat 18:00 Tampines (~S$25/hr, x1.76); Sat 19:00 Tampines (~S$25/hr, x1.76); Sat 08:00 Tampines (~S$25/hr, x1.73)"
goal_kumar_sg_12_3,drv_kumar_sg_12,Kumar Raj,grower,Upgrade to a better vehicle,2026-W16,180.4,7.2,1427.56,55.3,171.31,False,9.09,"Sat 18:00 Tampines (~S$25/hr, x1.76); Sat 19:00 Tampines (~S$25/hr, x1.76); Sat 08:00 Tampines (~S$25/hr, x1.73)"
goal_kumar_sg_12_3,drv_kumar_sg_12,Kumar Raj,grower,Upgrade to a better vehicle,2026-W17,180.4,7.2,1509.68,58.69,181.16,True,0.0,"Sat 18:00 Tampines (~S$25/hr, x1.76); Sat 19:00 Tampines (~S$25/hr, x1.76); Sat 08:00 Tampines (~S$25/hr, x1.73)"
goal_kumar_sg_12_3,drv_kumar_sg_12,Kumar Raj,grower,Upgrade to a better vehicle,2026-W18,180.4,7.2,1442.48,51.8,173.1,False,7.3,"Sat 18:00 Tampines (~S$25/hr, x1.76); Sat 19:00 Tampines (~S$25/hr, x1.76); Sat 08:00 Tampines (~S$25/hr, x1.73)"
goal_kumar_sg_12_3,drv_kumar_sg_12,Kumar Raj,grower,Upgrade to a better vehicle,2026-W19,180.4,7.2,1426.81,57.61,171.22,False,9.18,"Sat 18:00 Tampines (~S$25/hr, x1.76); Sat 19:00 Tampines (~S$25/hr, x1.76); Sat 08:00 Tampines (~S$25/hr, x1.73)"
goal_kumar_sg_12_3,drv_kumar_sg_12,Kumar Raj,grower,Upgrade to a better vehicle,2026-W20,180.4,7.2,1275.6,41.2,153.07,False,27.33,"Sat 18:00 Tampines (~S$25/hr, x1.76); Sat 19:00 Tampines (~S$25/hr, x1.76); Sat 08:00 Tampines (~S$25/hr, x1.73)"
goal_wei_sg_13_1,drv_wei_sg_13,Wei Jie Lim,stabilizer,Income smoothing buffer,2026-W09,23.86,1.0,853.65,61.6,102.44,True,0.0,"Sun 19:00 Marina Bay / Sands (~S$25/hr, x1.82); Sun 18:00 Marina Bay / Sands (~S$25/hr, x1.79); Sun 07:00 Changi Airport (~S$25/hr, x1.72)"
goal_wei_sg_13_1,drv_wei_sg_13,Wei Jie Lim,stabilizer,Income smoothing buffer,2026-W10,23.86,1.0,821.7,51.5,98.6,True,0.0,"Sun 19:00 Marina Bay / Sands (~S$25/hr, x1.82); Sun 18:00 Marina Bay / Sands (~S$25/hr, x1.79); Sun 07:00 Changi Airport (~S$25/hr, x1.72)"
goal_wei_sg_13_1,drv_wei_sg_13,Wei Jie Lim,stabilizer,Income smoothing buffer,2026-W11,23.86,1.0,817.76,46.0,98.13,True,0.0,"Sun 19:00 Marina Bay / Sands (~S$25/hr, x1.82); Sun 18:00 Marina Bay / Sands (~S$25/hr, x1.79); Sun 07:00 Changi Airport (~S$25/hr, x1.72)"
goal_wei_sg_13_1,drv_wei_sg_13,Wei Jie Lim,stabilizer,Income smoothing buffer,2026-W12,23.86,1.0,593.2,48.6,71.18,True,0.0,"Sun 19:00 Marina Bay / Sands (~S$25/hr, x1.82); Sun 18:00 Marina Bay / Sands (~S$25/hr, x1.79); Sun 07:00 Changi Airport (~S$25/hr, x1.72)"
goal_wei_sg_13_1,drv_wei_sg_13,Wei Jie Lim,stabilizer,Income smoothing buffer,2026-W13,23.86,1.0,962.75,55.0,115.53,True,0.0,"Sun 19:00 Marina Bay / Sands (~S$25/hr, x1.82); Sun 18:00 Marina Bay / Sands (~S$25/hr, x1.79); Sun 07:00 Changi Airport (~S$25/hr, x1.72)"
goal_wei_sg_13_1,drv_wei_sg_13,Wei Jie Lim,stabilizer,Income smoothing buffer,2026-W14,23.86,1.0,1119.37,60.3,134.32,True,0.0,"Sun 19:00 Marina Bay / Sands (~S$25/hr, x1.82); Sun 18:00 Marina Bay / Sands (~S$25/hr, x1.79); Sun 07:00 Changi Airport (~S$25/hr, x1.72)"
goal_wei_sg_13_1,drv_wei_sg_13,Wei Jie Lim,stabilizer,Income smoothing buffer,2026-W15,23.86,1.0,1104.02,59.2,132.48,True,0.0,"Sun 19:00 Marina Bay / Sands (~S$25/hr, x1.82); Sun 18:00 Marina Bay / Sands (~S$25/hr, x1.79); Sun 07:00 Changi Airport (~S$25/hr, x1.72)"
goal_wei_sg_13_1,drv_wei_sg_13,Wei Jie Lim,stabilizer,Income smoothing buffer,2026-W16,23.86,1.0,1076.73,55.3,129.21,True,0.0,"Sun 19:00 Marina Bay / Sands (~S$25/hr, x1.82); Sun 18:00 Marina Bay / Sands (~S$25/hr, x1.79); Sun 07:00 Changi Airport (~S$25/hr, x1.72)"
goal_wei_sg_13_1,drv_wei_sg_13,Wei Jie Lim,stabilizer,Income smoothing buffer,2026-W17,23.86,1.0,1049.08,56.7,125.89,True,0.0,"Sun 19:00 Marina Bay / Sands (~S$25/hr, x1.82); Sun 18:00 Marina Bay / Sands (~S$25/hr, x1.79); Sun 07:00 Changi Airport (~S$25/hr, x1.72)"
goal_wei_sg_13_1,drv_wei_sg_13,Wei Jie Lim,stabilizer,Income smoothing buffer,2026-W18,23.86,1.0,1020.06,60.2,122.41,True,0.0,"Sun 19:00 Marina Bay / Sands (~S$25/hr, x1.82); Sun 18:00 Marina Bay / Sands (~S$25/hr, x1.79); Sun 07:00 Changi Airport (~S$25/hr, x1.72)"
goal_wei_sg_13_1,drv_wei_sg_13,Wei Jie Lim,stabilizer,Income smoothing buffer,2026-W19,23.86,1.0,1062.45,52.3,127.49,True,0.0,"Sun 19:00 Marina Bay / Sands (~S$25/hr, x1.82); Sun 18:00 Marina Bay / Sands (~S$25/hr, x1.79); Sun 07:00 Changi Airport (~S$25/hr, x1.72)"
goal_wei_sg_13_1,drv_wei_sg_13,Wei Jie Lim,stabilizer,Income smoothing buffer,2026-W20,23.86,1.0,676.45,42.6,81.17,True,0.0,"Sun 19:00 Marina Bay / Sands (~S$25/hr, x1.82); Sun 18:00 Marina Bay / Sands (~S$25/hr, x1.79); Sun 07:00 Changi Airport (~S$25/hr, x1.72)"
goal_wei_sg_13_2,drv_wei_sg_13,Wei Jie Lim,stabilizer,Major vehicle service fund,2026-W09,40.0,1.6,853.65,61.6,102.44,True,0.0,"Sun 19:00 Marina Bay / Sands (~S$25/hr, x1.82); Sun 18:00 Marina Bay / Sands (~S$25/hr, x1.79); Sun 07:00 Changi Airport (~S$25/hr, x1.72)"
goal_wei_sg_13_2,drv_wei_sg_13,Wei Jie Lim,stabilizer,Major vehicle service fund,2026-W10,40.0,1.6,821.7,51.5,98.6,True,0.0,"Sun 19:00 Marina Bay / Sands (~S$25/hr, x1.82); Sun 18:00 Marina Bay / Sands (~S$25/hr, x1.79); Sun 07:00 Changi Airport (~S$25/hr, x1.72)"
goal_wei_sg_13_2,drv_wei_sg_13,Wei Jie Lim,stabilizer,Major vehicle service fund,2026-W11,40.0,1.6,817.76,46.0,98.13,True,0.0,"Sun 19:00 Marina Bay / Sands (~S$25/hr, x1.82); Sun 18:00 Marina Bay / Sands (~S$25/hr, x1.79); Sun 07:00 Changi Airport (~S$25/hr, x1.72)"
goal_wei_sg_13_2,drv_wei_sg_13,Wei Jie Lim,stabilizer,Major vehicle service fund,2026-W12,40.0,1.6,593.2,48.6,71.18,True,0.0,"Sun 19:00 Marina Bay / Sands (~S$25/hr, x1.82); Sun 18:00 Marina Bay / Sands (~S$25/hr, x1.79); Sun 07:00 Changi Airport (~S$25/hr, x1.72)"
goal_wei_sg_13_2,drv_wei_sg_13,Wei Jie Lim,stabilizer,Major vehicle service fund,2026-W13,40.0,1.6,962.75,55.0,115.53,True,0.0,"Sun 19:00 Marina Bay / Sands (~S$25/hr, x1.82); Sun 18:00 Marina Bay / Sands (~S$25/hr, x1.79); Sun 07:00 Changi Airport (~S$25/hr, x1.72)"
goal_wei_sg_13_2,drv_wei_sg_13,Wei Jie Lim,stabilizer,Major vehicle service fund,2026-W14,40.0,1.6,1119.37,60.3,134.32,True,0.0,"Sun 19:00 Marina Bay / Sands (~S$25/hr, x1.82); Sun 18:00 Marina Bay / Sands (~S$25/hr, x1.79); Sun 07:00 Changi Airport (~S$25/hr, x1.72)"
goal_wei_sg_13_2,drv_wei_sg_13,Wei Jie Lim,stabilizer,Major vehicle service fund,2026-W15,40.0,1.6,1104.02,59.2,132.48,True,0.0,"Sun 19:00 Marina Bay / Sands (~S$25/hr, x1.82); Sun 18:00 Marina Bay / Sands (~S$25/hr, x1.79); Sun 07:00 Changi Airport (~S$25/hr, x1.72)"
goal_wei_sg_13_2,drv_wei_sg_13,Wei Jie Lim,stabilizer,Major vehicle service fund,2026-W16,40.0,1.6,1076.73,55.3,129.21,True,0.0,"Sun 19:00 Marina Bay / Sands (~S$25/hr, x1.82); Sun 18:00 Marina Bay / Sands (~S$25/hr, x1.79); Sun 07:00 Changi Airport (~S$25/hr, x1.72)"
goal_wei_sg_13_2,drv_wei_sg_13,Wei Jie Lim,stabilizer,Major vehicle service fund,2026-W17,40.0,1.6,1049.08,56.7,125.89,True,0.0,"Sun 19:00 Marina Bay / Sands (~S$25/hr, x1.82); Sun 18:00 Marina Bay / Sands (~S$25/hr, x1.79); Sun 07:00 Changi Airport (~S$25/hr, x1.72)"
goal_wei_sg_13_2,drv_wei_sg_13,Wei Jie Lim,stabilizer,Major vehicle service fund,2026-W18,40.0,1.6,1020.06,60.2,122.41,True,0.0,"Sun 19:00 Marina Bay / Sands (~S$25/hr, x1.82); Sun 18:00 Marina Bay / Sands (~S$25/hr, x1.79); Sun 07:00 Changi Airport (~S$25/hr, x1.72)"
goal_wei_sg_13_2,drv_wei_sg_13,Wei Jie Lim,stabilizer,Major vehicle service fund,2026-W19,40.0,1.6,1062.45,52.3,127.49,True,0.0,"Sun 19:00 Marina Bay / Sands (~S$25/hr, x1.82); Sun 18:00 Marina Bay / Sands (~S$25/hr, x1.79); Sun 07:00 Changi Airport (~S$25/hr, x1.72)"
goal_wei_sg_13_2,drv_wei_sg_13,Wei Jie Lim,stabilizer,Major vehicle service fund,2026-W20,40.0,1.6,676.45,42.6,81.17,True,0.0,"Sun 19:00 Marina Bay / Sands (~S$25/hr, x1.82); Sun 18:00 Marina Bay / Sands (~S$25/hr, x1.79); Sun 07:00 Changi Airport (~S$25/hr, x1.72)"
goal_nurul_sg_14_1,drv_nurul_sg_14,Nurul Aisyah,stabilizer,Emergency fund,2026-W09,88.06,3.5,727.64,60.1,87.32,False,0.74,"Sun 19:00 Marina Bay / Sands (~S$25/hr, x1.82); Sun 18:00 Marina Bay / Sands (~S$25/hr, x1.79); Sat 18:00 Tampines (~S$25/hr, x1.76)"
goal_nurul_sg_14_1,drv_nurul_sg_14,Nurul Aisyah,stabilizer,Emergency fund,2026-W10,88.06,3.5,703.79,61.6,84.45,False,3.61,"Sun 19:00 Marina Bay / Sands (~S$25/hr, x1.82); Sun 18:00 Marina Bay / Sands (~S$25/hr, x1.79); Sat 18:00 Tampines (~S$25/hr, x1.76)"
goal_nurul_sg_14_1,drv_nurul_sg_14,Nurul Aisyah,stabilizer,Emergency fund,2026-W11,88.06,3.5,702.6,56.6,84.31,False,3.75,"Sun 19:00 Marina Bay / Sands (~S$25/hr, x1.82); Sun 18:00 Marina Bay / Sands (~S$25/hr, x1.79); Sat 18:00 Tampines (~S$25/hr, x1.76)"
goal_nurul_sg_14_1,drv_nurul_sg_14,Nurul Aisyah,stabilizer,Emergency fund,2026-W12,88.06,3.5,699.95,55.6,83.99,False,4.07,"Sun 19:00 Marina Bay / Sands (~S$25/hr, x1.82); Sun 18:00 Marina Bay / Sands (~S$25/hr, x1.79); Sat 18:00 Tampines (~S$25/hr, x1.76)"
goal_nurul_sg_14_1,drv_nurul_sg_14,Nurul Aisyah,stabilizer,Emergency fund,2026-W13,88.06,3.5,707.01,61.1,84.84,False,3.22,"Sun 19:00 Marina Bay / Sands (~S$25/hr, x1.82); Sun 18:00 Marina Bay / Sands (~S$25/hr, x1.79); Sat 18:00 Tampines (~S$25/hr, x1.76)"
goal_nurul_sg_14_1,drv_nurul_sg_14,Nurul Aisyah,stabilizer,Emergency fund,2026-W14,88.06,3.5,728.01,50.7,87.36,False,0.7,"Sun 19:00 Marina Bay / Sands (~S$25/hr, x1.82); Sun 18:00 Marina Bay / Sands (~S$25/hr, x1.79); Sat 18:00 Tampines (~S$25/hr, x1.76)"
goal_nurul_sg_14_1,drv_nurul_sg_14,Nurul Aisyah,stabilizer,Emergency fund,2026-W15,88.06,3.5,690.22,56.4,82.83,False,5.23,"Sun 19:00 Marina Bay / Sands (~S$25/hr, x1.82); Sun 18:00 Marina Bay / Sands (~S$25/hr, x1.79); Sat 18:00 Tampines (~S$25/hr, x1.76)"
goal_nurul_sg_14_1,drv_nurul_sg_14,Nurul Aisyah,stabilizer,Emergency fund,2026-W16,88.06,3.5,758.1,46.3,90.97,True,0.0,"Sun 19:00 Marina Bay / Sands (~S$25/hr, x1.82); Sun 18:00 Marina Bay / Sands (~S$25/hr, x1.79); Sat 18:00 Tampines (~S$25/hr, x1.76)"
goal_nurul_sg_14_1,drv_nurul_sg_14,Nurul Aisyah,stabilizer,Emergency fund,2026-W17,88.06,3.5,672.77,57.3,80.73,False,7.33,"Sun 19:00 Marina Bay / Sands (~S$25/hr, x1.82); Sun 18:00 Marina Bay / Sands (~S$25/hr, x1.79); Sat 18:00 Tampines (~S$25/hr, x1.76)"
goal_nurul_sg_14_1,drv_nurul_sg_14,Nurul Aisyah,stabilizer,Emergency fund,2026-W18,88.06,3.5,676.78,46.9,81.21,False,6.85,"Sun 19:00 Marina Bay / Sands (~S$25/hr, x1.82); Sun 18:00 Marina Bay / Sands (~S$25/hr, x1.79); Sat 18:00 Tampines (~S$25/hr, x1.76)"
goal_nurul_sg_14_1,drv_nurul_sg_14,Nurul Aisyah,stabilizer,Emergency fund,2026-W19,88.06,3.5,711.64,61.4,85.4,False,2.66,"Sun 19:00 Marina Bay / Sands (~S$25/hr, x1.82); Sun 18:00 Marina Bay / Sands (~S$25/hr, x1.79); Sat 18:00 Tampines (~S$25/hr, x1.76)"
goal_nurul_sg_14_1,drv_nurul_sg_14,Nurul Aisyah,stabilizer,Emergency fund,2026-W20,88.06,3.5,551.33,48.8,66.16,False,21.9,"Sun 19:00 Marina Bay / Sands (~S$25/hr, x1.82); Sun 18:00 Marina Bay / Sands (~S$25/hr, x1.79); Sat 18:00 Tampines (~S$25/hr, x1.76)"
goal_nurul_sg_14_3,drv_nurul_sg_14,Nurul Aisyah,stabilizer,Home improvement for family,2026-W09,178.89,7.2,727.64,60.1,87.32,False,91.57,"Sun 19:00 Marina Bay / Sands (~S$25/hr, x1.82); Sun 18:00 Marina Bay / Sands (~S$25/hr, x1.79); Sat 18:00 Tampines (~S$25/hr, x1.76)"
goal_nurul_sg_14_3,drv_nurul_sg_14,Nurul Aisyah,stabilizer,Home improvement for family,2026-W10,178.89,7.2,703.79,61.6,84.45,False,94.44,"Sun 19:00 Marina Bay / Sands (~S$25/hr, x1.82); Sun 18:00 Marina Bay / Sands (~S$25/hr, x1.79); Sat 18:00 Tampines (~S$25/hr, x1.76)"
goal_nurul_sg_14_3,drv_nurul_sg_14,Nurul Aisyah,stabilizer,Home improvement for family,2026-W11,178.89,7.2,702.6,56.6,84.31,False,94.58,"Sun 19:00 Marina Bay / Sands (~S$25/hr, x1.82); Sun 18:00 Marina Bay / Sands (~S$25/hr, x1.79); Sat 18:00 Tampines (~S$25/hr, x1.76)"
goal_nurul_sg_14_3,drv_nurul_sg_14,Nurul Aisyah,stabilizer,Home improvement for family,2026-W12,178.89,7.2,699.95,55.6,83.99,False,94.9,"Sun 19:00 Marina Bay / Sands (~S$25/hr, x1.82); Sun 18:00 Marina Bay / Sands (~S$25/hr, x1.79); Sat 18:00 Tampines (~S$25/hr, x1.76)"
goal_nurul_sg_14_3,drv_nurul_sg_14,Nurul Aisyah,stabilizer,Home improvement for family,2026-W13,178.89,7.2,707.01,61.1,84.84,False,94.05,"Sun 19:00 Marina Bay / Sands (~S$25/hr, x1.82); Sun 18:00 Marina Bay / Sands (~S$25/hr, x1.79); Sat 18:00 Tampines (~S$25/hr, x1.76)"
goal_nurul_sg_14_3,drv_nurul_sg_14,Nurul Aisyah,stabilizer,Home improvement for family,2026-W14,178.89,7.2,728.01,50.7,87.36,False,91.53,"Sun 19:00 Marina Bay / Sands (~S$25/hr, x1.82); Sun 18:00 Marina Bay / Sands (~S$25/hr, x1.79); Sat 18:00 Tampines (~S$25/hr, x1.76)"
goal_nurul_sg_14_3,drv_nurul_sg_14,Nurul Aisyah,stabilizer,Home improvement for family,2026-W15,178.89,7.2,690.22,56.4,82.83,False,96.06,"Sun 19:00 Marina Bay / Sands (~S$25/hr, x1.82); Sun 18:00 Marina Bay / Sands (~S$25/hr, x1.79); Sat 18:00 Tampines (~S$25/hr, x1.76)"
goal_nurul_sg_14_3,drv_nurul_sg_14,Nurul Aisyah,stabilizer,Home improvement for family,2026-W16,178.89,7.2,758.1,46.3,90.97,False,87.92,"Sun 19:00 Marina Bay / Sands (~S$25/hr, x1.82); Sun 18:00 Marina Bay / Sands (~S$25/hr, x1.79); Sat 18:00 Tampines (~S$25/hr, x1.76)"
goal_nurul_sg_14_3,drv_nurul_sg_14,Nurul Aisyah,stabilizer,Home improvement for family,2026-W17,178.89,7.2,672.77,57.3,80.73,False,98.16,"Sun 19:00 Marina Bay / Sands (~S$25/hr, x1.82); Sun 18:00 Marina Bay / Sands (~S$25/hr, x1.79); Sat 18:00 Tampines (~S$25/hr, x1.76)"
goal_nurul_sg_14_3,drv_nurul_sg_14,Nurul Aisyah,stabilizer,Home improvement for family,2026-W18,178.89,7.2,676.78,46.9,81.21,False,97.68,"Sun 19:00 Marina Bay / Sands (~S$25/hr, x1.82); Sun 18:00 Marina Bay / Sands (~S$25/hr, x1.79); Sat 18:00 Tampines (~S$25/hr, x1.76)"
goal_nurul_sg_14_3,drv_nurul_sg_14,Nurul Aisyah,stabilizer,Home improvement for family,2026-W19,178.89,7.2,711.64,61.4,85.4,False,93.49,"Sun 19:00 Marina Bay / Sands (~S$25/hr, x1.82); Sun 18:00 Marina Bay / Sands (~S$25/hr, x1.79); Sat 18:00 Tampines (~S$25/hr, x1.76)"
goal_nurul_sg_14_3,drv_nurul_sg_14,Nurul Aisyah,stabilizer,Home improvement for family,2026-W20,178.89,7.2,551.33,48.8,66.16,False,112.73,"Sun 19:00 Marina Bay / Sands (~S$25/hr, x1.82); Sun 18:00 Marina Bay / Sands (~S$25/hr, x1.79); Sat 18:00 Tampines (~S$25/hr, x1.76)"
goal_nurul_sg_14_4,drv_nurul_sg_14,Nurul Aisyah,stabilizer,Children's school fees,2026-W09,133.81,5.4,727.64,60.1,87.32,False,46.49,"Sun 19:00 Marina Bay / Sands (~S$25/hr, x1.82); Sun 18:00 Marina Bay / Sands (~S$25/hr, x1.79); Sat 18:00 Tampines (~S$25/hr, x1.76)"
goal_nurul_sg_14_4,drv_nurul_sg_14,Nurul Aisyah,stabilizer,Children's school fees,2026-W10,133.81,5.4,703.79,61.6,84.45,False,49.36,"Sun 19:00 Marina Bay / Sands (~S$25/hr, x1.82); Sun 18:00 Marina Bay / Sands (~S$25/hr, x1.79); Sat 18:00 Tampines (~S$25/hr, x1.76)"
goal_nurul_sg_14_4,drv_nurul_sg_14,Nurul Aisyah,stabilizer,Children's school fees,2026-W11,133.81,5.4,702.6,56.6,84.31,False,49.5,"Sun 19:00 Marina Bay / Sands (~S$25/hr, x1.82); Sun 18:00 Marina Bay / Sands (~S$25/hr, x1.79); Sat 18:00 Tampines (~S$25/hr, x1.76)"
goal_nurul_sg_14_4,drv_nurul_sg_14,Nurul Aisyah,stabilizer,Children's school fees,2026-W12,133.81,5.4,699.95,55.6,83.99,False,49.82,"Sun 19:00 Marina Bay / Sands (~S$25/hr, x1.82); Sun 18:00 Marina Bay / Sands (~S$25/hr, x1.79); Sat 18:00 Tampines (~S$25/hr, x1.76)"
goal_nurul_sg_14_4,drv_nurul_sg_14,Nurul Aisyah,stabilizer,Children's school fees,2026-W13,133.81,5.4,707.01,61.1,84.84,False,48.97,"Sun 19:00 Marina Bay / Sands (~S$25/hr, x1.82); Sun 18:00 Marina Bay / Sands (~S$25/hr, x1.79); Sat 18:00 Tampines (~S$25/hr, x1.76)"
goal_nurul_sg_14_4,drv_nurul_sg_14,Nurul Aisyah,stabilizer,Children's school fees,2026-W14,133.81,5.4,728.01,50.7,87.36,False,46.45,"Sun 19:00 Marina Bay / Sands (~S$25/hr, x1.82); Sun 18:00 Marina Bay / Sands (~S$25/hr, x1.79); Sat 18:00 Tampines (~S$25/hr, x1.76)"
goal_nurul_sg_14_4,drv_nurul_sg_14,Nurul Aisyah,stabilizer,Children's school fees,2026-W15,133.81,5.4,690.22,56.4,82.83,False,50.98,"Sun 19:00 Marina Bay / Sands (~S$25/hr, x1.82); Sun 18:00 Marina Bay / Sands (~S$25/hr, x1.79); Sat 18:00 Tampines (~S$25/hr, x1.76)"
goal_nurul_sg_14_4,drv_nurul_sg_14,Nurul Aisyah,stabilizer,Children's school fees,2026-W16,133.81,5.4,758.1,46.3,90.97,False,42.84,"Sun 19:00 Marina Bay / Sands (~S$25/hr, x1.82); Sun 18:00 Marina Bay / Sands (~S$25/hr, x1.79); Sat 18:00 Tampines (~S$25/hr, x1.76)"
goal_nurul_sg_14_4,drv_nurul_sg_14,Nurul Aisyah,stabilizer,Children's school fees,2026-W17,133.81,5.4,672.77,57.3,80.73,False,53.08,"Sun 19:00 Marina Bay / Sands (~S$25/hr, x1.82); Sun 18:00 Marina Bay / Sands (~S$25/hr, x1.79); Sat 18:00 Tampines (~S$25/hr, x1.76)"
goal_nurul_sg_14_4,drv_nurul_sg_14,Nurul Aisyah,stabilizer,Children's school fees,2026-W18,133.81,5.4,676.78,46.9,81.21,False,52.6,"Sun 19:00 Marina Bay / Sands (~S$25/hr, x1.82); Sun 18:00 Marina Bay / Sands (~S$25/hr, x1.79); Sat 18:00 Tampines (~S$25/hr, x1.76)"
goal_nurul_sg_14_4,drv_nurul_sg_14,Nurul Aisyah,stabilizer,Children's school fees,2026-W19,133.81,5.4,711.64,61.4,85.4,False,48.41,"Sun 19:00 Marina Bay / Sands (~S$25/hr, x1.82); Sun 18:00 Marina Bay / Sands (~S$25/hr, x1.79); Sat 18:00 Tampines (~S$25/hr, x1.76)"
goal_nurul_sg_14_4,drv_nurul_sg_14,Nurul Aisyah,stabilizer,Children's school fees,2026-W20,133.81,5.4,551.33,48.8,66.16,False,67.65,"Sun 19:00 Marina Bay / Sands (~S$25/hr, x1.82); Sun 18:00 Marina Bay / Sands (~S$25/hr, x1.79); Sat 18:00 Tampines (~S$25/hr, x1.76)"
goal_daniel_sg_15_1,drv_daniel_sg_15,Daniel Goh,firefighter,Income smoothing buffer,2026-W09,0.0,0.0,538.79,55.01,64.65,True,0.0,"Sun 19:00 Marina Bay / Sands (~S$25/hr, x1.82); Sun 18:00 Marina Bay / Sands (~S$25/hr, x1.79); Sun 07:00 Changi Airport (~S$25/hr, x1.72)"
goal_daniel_sg_15_1,drv_daniel_sg_15,Daniel Goh,firefighter,Income smoothing buffer,2026-W10,0.0,0.0,457.66,51.49,54.92,True,0.0,"Sun 19:00 Marina Bay / Sands (~S$25/hr, x1.82); Sun 18:00 Marina Bay / Sands (~S$25/hr, x1.79); Sun 07:00 Changi Airport (~S$25/hr, x1.72)"
goal_daniel_sg_15_1,drv_daniel_sg_15,Daniel Goh,firefighter,Income smoothing buffer,2026-W11,0.0,0.0,586.09,58.0,70.33,True,0.0,"Sun 19:00 Marina Bay / Sands (~S$25/hr, x1.82); Sun 18:00 Marina Bay / Sands (~S$25/hr, x1.79); Sun 07:00 Changi Airport (~S$25/hr, x1.72)"
goal_daniel_sg_15_1,drv_daniel_sg_15,Daniel Goh,firefighter,Income smoothing buffer,2026-W12,0.0,0.0,380.15,51.69,45.62,True,0.0,"Sun 19:00 Marina Bay / Sands (~S$25/hr, x1.82); Sun 18:00 Marina Bay / Sands (~S$25/hr, x1.79); Sun 07:00 Changi Airport (~S$25/hr, x1.72)"
goal_daniel_sg_15_1,drv_daniel_sg_15,Daniel Goh,firefighter,Income smoothing buffer,2026-W13,0.0,0.0,633.14,57.01,75.98,True,0.0,"Sun 19:00 Marina Bay / Sands (~S$25/hr, x1.82); Sun 18:00 Marina Bay / Sands (~S$25/hr, x1.79); Sun 07:00 Changi Airport (~S$25/hr, x1.72)"
goal_daniel_sg_15_1,drv_daniel_sg_15,Daniel Goh,firefighter,Income smoothing buffer,2026-W14,0.0,0.0,690.86,48.3,82.9,True,0.0,"Sun 19:00 Marina Bay / Sands (~S$25/hr, x1.82); Sun 18:00 Marina Bay / Sands (~S$25/hr, x1.79); Sun 07:00 Changi Airport (~S$25/hr, x1.72)"
goal_daniel_sg_15_1,drv_daniel_sg_15,Daniel Goh,firefighter,Income smoothing buffer,2026-W15,0.0,0.0,695.5,51.8,83.46,True,0.0,"Sun 19:00 Marina Bay / Sands (~S$25/hr, x1.82); Sun 18:00 Marina Bay / Sands (~S$25/hr, x1.79); Sun 07:00 Changi Airport (~S$25/hr, x1.72)"
goal_daniel_sg_15_1,drv_daniel_sg_15,Daniel Goh,firefighter,Income smoothing buffer,2026-W16,0.0,0.0,675.88,48.9,81.11,True,0.0,"Sun 19:00 Marina Bay / Sands (~S$25/hr, x1.82); Sun 18:00 Marina Bay / Sands (~S$25/hr, x1.79); Sun 07:00 Changi Airport (~S$25/hr, x1.72)"
goal_daniel_sg_15_1,drv_daniel_sg_15,Daniel Goh,firefighter,Income smoothing buffer,2026-W17,0.0,0.0,710.62,55.2,85.27,True,0.0,"Sun 19:00 Marina Bay / Sands (~S$25/hr, x1.82); Sun 18:00 Marina Bay / Sands (~S$25/hr, x1.79); Sun 07:00 Changi Airport (~S$25/hr, x1.72)"
goal_daniel_sg_15_1,drv_daniel_sg_15,Daniel Goh,firefighter,Income smoothing buffer,2026-W18,0.0,0.0,730.94,58.9,87.71,True,0.0,"Sun 19:00 Marina Bay / Sands (~S$25/hr, x1.82); Sun 18:00 Marina Bay / Sands (~S$25/hr, x1.79); Sun 07:00 Changi Airport (~S$25/hr, x1.72)"
goal_daniel_sg_15_1,drv_daniel_sg_15,Daniel Goh,firefighter,Income smoothing buffer,2026-W19,0.0,0.0,679.47,50.5,81.54,True,0.0,"Sun 19:00 Marina Bay / Sands (~S$25/hr, x1.82); Sun 18:00 Marina Bay / Sands (~S$25/hr, x1.79); Sun 07:00 Changi Airport (~S$25/hr, x1.72)"
goal_daniel_sg_15_1,drv_daniel_sg_15,Daniel Goh,firefighter,Income smoothing buffer,2026-W20,0.0,0.0,416.02,38.0,49.92,True,0.0,"Sun 19:00 Marina Bay / Sands (~S$25/hr, x1.82); Sun 18:00 Marina Bay / Sands (~S$25/hr, x1.79); Sun 07:00 Changi Airport (~S$25/hr, x1.72)"
goal_daniel_sg_15_2,drv_daniel_sg_15,Daniel Goh,firefighter,Pay off vehicle loan early,2026-W09,66.54,2.7,538.79,55.01,64.65,False,1.89,"Sun 19:00 Marina Bay / Sands (~S$25/hr, x1.82); Sun 18:00 Marina Bay / Sands (~S$25/hr, x1.79); Sun 07:00 Changi Airport (~S$25/hr, x1.72)"
goal_daniel_sg_15_2,drv_daniel_sg_15,Daniel Goh,firefighter,Pay off vehicle loan early,2026-W10,66.54,2.7,457.66,51.49,54.92,False,11.62,"Sun 19:00 Marina Bay / Sands (~S$25/hr, x1.82); Sun 18:00 Marina Bay / Sands (~S$25/hr, x1.79); Sun 07:00 Changi Airport (~S$25/hr, x1.72)"
goal_daniel_sg_15_2,drv_daniel_sg_15,Daniel Goh,firefighter,Pay off vehicle loan early,2026-W11,66.54,2.7,586.09,58.0,70.33,True,0.0,"Sun 19:00 Marina Bay / Sands (~S$25/hr, x1.82); Sun 18:00 Marina Bay / Sands (~S$25/hr, x1.79); Sun 07:00 Changi Airport (~S$25/hr, x1.72)"
goal_daniel_sg_15_2,drv_daniel_sg_15,Daniel Goh,firefighter,Pay off vehicle loan early,2026-W12,66.54,2.7,380.15,51.69,45.62,False,20.92,"Sun 19:00 Marina Bay / Sands (~S$25/hr, x1.82); Sun 18:00 Marina Bay / Sands (~S$25/hr, x1.79); Sun 07:00 Changi Airport (~S$25/hr, x1.72)"
goal_daniel_sg_15_2,drv_daniel_sg_15,Daniel Goh,firefighter,Pay off vehicle loan early,2026-W13,66.54,2.7,633.14,57.01,75.98,True,0.0,"Sun 19:00 Marina Bay / Sands (~S$25/hr, x1.82); Sun 18:00 Marina Bay / Sands (~S$25/hr, x1.79); Sun 07:00 Changi Airport (~S$25/hr, x1.72)"
goal_daniel_sg_15_2,drv_daniel_sg_15,Daniel Goh,firefighter,Pay off vehicle loan early,2026-W14,66.54,2.7,690.86,48.3,82.9,True,0.0,"Sun 19:00 Marina Bay / Sands (~S$25/hr, x1.82); Sun 18:00 Marina Bay / Sands (~S$25/hr, x1.79); Sun 07:00 Changi Airport (~S$25/hr, x1.72)"
goal_daniel_sg_15_2,drv_daniel_sg_15,Daniel Goh,firefighter,Pay off vehicle loan early,2026-W15,66.54,2.7,695.5,51.8,83.46,True,0.0,"Sun 19:00 Marina Bay / Sands (~S$25/hr, x1.82); Sun 18:00 Marina Bay / Sands (~S$25/hr, x1.79); Sun 07:00 Changi Airport (~S$25/hr, x1.72)"
goal_daniel_sg_15_2,drv_daniel_sg_15,Daniel Goh,firefighter,Pay off vehicle loan early,2026-W16,66.54,2.7,675.88,48.9,81.11,True,0.0,"Sun 19:00 Marina Bay / Sands (~S$25/hr, x1.82); Sun 18:00 Marina Bay / Sands (~S$25/hr, x1.79); Sun 07:00 Changi Airport (~S$25/hr, x1.72)"
goal_daniel_sg_15_2,drv_daniel_sg_15,Daniel Goh,firefighter,Pay off vehicle loan early,2026-W17,66.54,2.7,710.62,55.2,85.27,True,0.0,"Sun 19:00 Marina Bay / Sands (~S$25/hr, x1.82); Sun 18:00 Marina Bay / Sands (~S$25/hr, x1.79); Sun 07:00 Changi Airport (~S$25/hr, x1.72)"
goal_daniel_sg_15_2,drv_daniel_sg_15,Daniel Goh,firefighter,Pay off vehicle loan early,2026-W18,66.54,2.7,730.94,58.9,87.71,True,0.0,"Sun 19:00 Marina Bay / Sands (~S$25/hr, x1.82); Sun 18:00 Marina Bay / Sands (~S$25/hr, x1.79); Sun 07:00 Changi Airport (~S$25/hr, x1.72)"
goal_daniel_sg_15_2,drv_daniel_sg_15,Daniel Goh,firefighter,Pay off vehicle loan early,2026-W19,66.54,2.7,679.47,50.5,81.54,True,0.0,"Sun 19:00 Marina Bay / Sands (~S$25/hr, x1.82); Sun 18:00 Marina Bay / Sands (~S$25/hr, x1.79); Sun 07:00 Changi Airport (~S$25/hr, x1.72)"
goal_daniel_sg_15_2,drv_daniel_sg_15,Daniel Goh,firefighter,Pay off vehicle loan early,2026-W20,66.54,2.7,416.02,38.0,49.92,False,16.62,"Sun 19:00 Marina Bay / Sands (~S$25/hr, x1.82); Sun 18:00 Marina Bay / Sands (~S$25/hr, x1.79); Sun 07:00 Changi Airport (~S$25/hr, x1.72)"
goal_daniel_sg_15_3,drv_daniel_sg_15,Daniel Goh,firefighter,Emergency fund,2026-W09,134.78,5.4,538.79,55.01,64.65,False,70.13,"Sun 19:00 Marina Bay / Sands (~S$25/hr, x1.82); Sun 18:00 Marina Bay / Sands (~S$25/hr, x1.79); Sun 07:00 Changi Airport (~S$25/hr, x1.72)"
goal_daniel_sg_15_3,drv_daniel_sg_15,Daniel Goh,firefighter,Emergency fund,2026-W10,134.78,5.4,457.66,51.49,54.92,False,79.86,"Sun 19:00 Marina Bay / Sands (~S$25/hr, x1.82); Sun 18:00 Marina Bay / Sands (~S$25/hr, x1.79); Sun 07:00 Changi Airport (~S$25/hr, x1.72)"
goal_daniel_sg_15_3,drv_daniel_sg_15,Daniel Goh,firefighter,Emergency fund,2026-W11,134.78,5.4,586.09,58.0,70.33,False,64.45,"Sun 19:00 Marina Bay / Sands (~S$25/hr, x1.82); Sun 18:00 Marina Bay / Sands (~S$25/hr, x1.79); Sun 07:00 Changi Airport (~S$25/hr, x1.72)"
goal_daniel_sg_15_3,drv_daniel_sg_15,Daniel Goh,firefighter,Emergency fund,2026-W12,134.78,5.4,380.15,51.69,45.62,False,89.16,"Sun 19:00 Marina Bay / Sands (~S$25/hr, x1.82); Sun 18:00 Marina Bay / Sands (~S$25/hr, x1.79); Sun 07:00 Changi Airport (~S$25/hr, x1.72)"
goal_daniel_sg_15_3,drv_daniel_sg_15,Daniel Goh,firefighter,Emergency fund,2026-W13,134.78,5.4,633.14,57.01,75.98,False,58.8,"Sun 19:00 Marina Bay / Sands (~S$25/hr, x1.82); Sun 18:00 Marina Bay / Sands (~S$25/hr, x1.79); Sun 07:00 Changi Airport (~S$25/hr, x1.72)"
goal_daniel_sg_15_3,drv_daniel_sg_15,Daniel Goh,firefighter,Emergency fund,2026-W14,134.78,5.4,690.86,48.3,82.9,False,51.88,"Sun 19:00 Marina Bay / Sands (~S$25/hr, x1.82); Sun 18:00 Marina Bay / Sands (~S$25/hr, x1.79); Sun 07:00 Changi Airport (~S$25/hr, x1.72)"
goal_daniel_sg_15_3,drv_daniel_sg_15,Daniel Goh,firefighter,Emergency fund,2026-W15,134.78,5.4,695.5,51.8,83.46,False,51.32,"Sun 19:00 Marina Bay / Sands (~S$25/hr, x1.82); Sun 18:00 Marina Bay / Sands (~S$25/hr, x1.79); Sun 07:00 Changi Airport (~S$25/hr, x1.72)"
goal_daniel_sg_15_3,drv_daniel_sg_15,Daniel Goh,firefighter,Emergency fund,2026-W16,134.78,5.4,675.88,48.9,81.11,False,53.67,"Sun 19:00 Marina Bay / Sands (~S$25/hr, x1.82); Sun 18:00 Marina Bay / Sands (~S$25/hr, x1.79); Sun 07:00 Changi Airport (~S$25/hr, x1.72)"
goal_daniel_sg_15_3,drv_daniel_sg_15,Daniel Goh,firefighter,Emergency fund,2026-W17,134.78,5.4,710.62,55.2,85.27,False,49.51,"Sun 19:00 Marina Bay / Sands (~S$25/hr, x1.82); Sun 18:00 Marina Bay / Sands (~S$25/hr, x1.79); Sun 07:00 Changi Airport (~S$25/hr, x1.72)"
goal_daniel_sg_15_3,drv_daniel_sg_15,Daniel Goh,firefighter,Emergency fund,2026-W18,134.78,5.4,730.94,58.9,87.71,False,47.07,"Sun 19:00 Marina Bay / Sands (~S$25/hr, x1.82); Sun 18:00 Marina Bay / Sands (~S$25/hr, x1.79); Sun 07:00 Changi Airport (~S$25/hr, x1.72)"
goal_daniel_sg_15_3,drv_daniel_sg_15,Daniel Goh,firefighter,Emergency fund,2026-W19,134.78,5.4,679.47,50.5,81.54,False,53.24,"Sun 19:00 Marina Bay / Sands (~S$25/hr, x1.82); Sun 18:00 Marina Bay / Sands (~S$25/hr, x1.79); Sun 07:00 Changi Airport (~S$25/hr, x1.72)"
goal_daniel_sg_15_3,drv_daniel_sg_15,Daniel Goh,firefighter,Emergency fund,2026-W20,134.78,5.4,416.02,38.0,49.92,False,84.86,"Sun 19:00 Marina Bay / Sands (~S$25/hr, x1.82); Sun 18:00 Marina Bay / Sands (~S$25/hr, x1.79); Sun 07:00 Changi Airport (~S$25/hr, x1.72)"
