goal_id,driver_id,driver_name,persona,market,currency,goal_key,goal_name,goal_category,rationale,horizon,priority,target_amount,current_amount,progress_pct,remaining_amount,created_at,target_date,days_to_target,status,contribution_cadence,contribution_rule,contribution_amount_est,contribution_plan_json,projected_completion_amount,feasible,on_track,linked_pool_bucket
goal_siti_sg_10_1,drv_siti_sg_10,Siti Rahman,firefighter,SG,SGD,health_insurance_fund,Health insurance premium fund,safety,Set aside the annual health-cover premium so a hospital visit doesn't become debt.,medium,1,1130,170,15.0,960,2026-02-11,2027-01-24,254,active,monthly,percent_of_surplus,20,"{""cadence"": ""monthly"", ""rule"": ""percent_of_surplus"", ""params"": {""percent"": 15}}",340,False,False,emergency_fund
goal_siti_sg_10_2,drv_siti_sg_10,Siti Rahman,firefighter,SG,SGD,clear_bnpl,Clear BNPL balance,debt,Pay off buy-now-pay-later balances before interest and late fees compound.,short,2,1120,0,0.0,1120,2025-03-23,2025-09-03,-254,abandoned,weekly,fixed,30,"{""cadence"": ""weekly"", ""rule"": ""fixed"", ""params"": {""amount"": 30}}",30,False,False,debt_paydown
goal_siti_sg_10_3,drv_siti_sg_10,Siti Rahman,firefighter,SG,SGD,vehicle_loan_payoff,Pay off vehicle loan early,debt,Clear the motorbike or car instalment ahead of schedule to free up monthly cashflow.,long,2,6230,100,1.6,6130,2026-03-09,2028-05-21,737,active,monthly,percent_of_surplus,20,"{""cadence"": ""monthly"", ""rule"": ""percent_of_surplus"", ""params"": {""percent"": 15}}",580,False,False,debt_paydown
goal_mei_sg_11_1,drv_mei_sg_11,Mei Lin Tan,firefighter,SG,SGD,income_smoothing_buffer,Income smoothing buffer,safety,A small liquid pocket that tops up lean weeks so essentials are always covered.,short,1,1380,1380,100.0,0.0,2026-01-31,2026-08-20,97,active,monthly,fixed,120,"{""cadence"": ""monthly"", ""rule"": ""fixed"", ""params"": {""amount"": 120}}",1760,True,True,emergency_fund
goal_mei_sg_11_2,drv_mei_sg_11,Mei Lin Tan,firefighter,SG,SGD,vehicle_major_service,Major vehicle service fund,asset,"Save ahead for tyres, brakes, and the annual big service so the vehicle never stops earning.",short,3,490,490,100.0,0.0,2025-08-05,2026-09-12,120,active,monthly,fixed,40,"{""cadence"": ""monthly"", ""rule"": ""fixed"", ""params"": {""amount"": 40}}",650,True,True,goal_pocket
goal_mei_sg_11_3,drv_mei_sg_11,Mei Lin Tan,firefighter,SG,SGD,clear_bnpl,Clear BNPL balance,debt,Pay off buy-now-pay-later balances before interest and late fees compound.,short,2,1040,360,34.6,680,2026-01-27,2026-06-11,27,active,monthly,percent_of_surplus,30,"{""cadence"": ""monthly"", ""rule"": ""percent_of_surplus"", ""params"": {""percent"": 20}}",390,False,False,debt_paydown
goal_mei_sg_11_4,drv_mei_sg_11,Mei Lin Tan,firefighter,SG,SGD,emergency_fund,Emergency fund,safety,"A cash buffer for illness, vehicle breakdown, or a slow week - the gig-worker's substitute for sick leave.",medium,1,3660,3660,100.0,0.0,2025-05-23,2025-10-02,-225,completed,weekly,fixed,90,"{""cadence"": ""weekly"", ""rule"": ""fixed"", ""params"": {""amount"": 90}}",3750,True,False,emergency_fund
goal_kumar_sg_12_1,drv_kumar_sg_12,Kumar Raj,grower,SG,SGD,health_insurance_fund,Health insurance premium fund,safety,Set aside the annual health-cover premium so a hospital visit doesn't become debt.,medium,1,1750,1140,65.1,610,2025-06-13,2026-11-03,172,active,weekly,fixed,40,"{""cadence"": ""weekly"", ""rule"": ""fixed"", ""params"": {""amount"": 40}}",2120,True,True,emergency_fund
goal_kumar_sg_12_2,drv_kumar_sg_12,Kumar Raj,grower,SG,SGD,emergency_fund,Emergency fund,safety,"A cash buffer for illness, vehicle breakdown, or a slow week - the gig-worker's substitute for sick leave.",medium,1,3140,1150,36.6,1990,2026-01-15,2026-09-17,125,active,weekly,fixed,80,"{""cadence"": ""weekly"", ""rule"": ""fixed"", ""params"": {""amount"": 80}}",2580,False,False,emergency_fund
goal_kumar_sg_12_3,drv_kumar_sg_12,Kumar Raj,grower,SG,SGD,vehicle_upgrade,Upgrade to a better vehicle,asset,"A newer or larger vehicle means more trips, lower maintenance, and higher fares.",long,3,10980,1960,17.9,9020,2025-08-21,2027-05-04,354,active,weekly,fixed,270,"{""cadence"": ""weekly"", ""rule"": ""fixed"", ""params"": {""amount"": 270}}",15610,True,True,goal_pocket
goal_wei_sg_13_1,drv_wei_sg_13,Wei Jie Lim,stabilizer,SG,SGD,income_smoothing_buffer,Income smoothing buffer,safety,A small liquid pocket that tops up lean weeks so essentials are always covered.,short,1,1690,640,37.9,1050,2025-12-06,2027-03-21,310,active,weekly,fixed,40,"{""cadence"": ""weekly"", ""rule"": ""fixed"", ""params"": {""amount"": 40}}",2410,True,True,emergency_fund
goal_wei_sg_13_2,drv_wei_sg_13,Wei Jie Lim,stabilizer,SG,SGD,vehicle_major_service,Major vehicle service fund,asset,"Save ahead for tyres, brakes, and the annual big service so the vehicle never stops earning.",short,3,330,130,39.4,200,2025-12-02,2026-06-25,41,active,monthly,fixed,30,"{""cadence"": ""monthly"", ""rule"": ""fixed"", ""params"": {""amount"": 30}}",170,False,False,goal_pocket
goal_nurul_sg_14_1,drv_nurul_sg_14,Nurul Aisyah,stabilizer,SG,SGD,emergency_fund,Emergency fund,safety,"A cash buffer for illness, vehicle breakdown, or a slow week - the gig-worker's substitute for sick leave.",medium,1,6290,3120,49.6,3170,2025-12-17,2027-01-22,252,active,weekly,fixed,160,"{""cadence"": ""weekly"", ""rule"": ""fixed"", ""params"": {""amount"": 160}}",8880,True,True,emergency_fund
goal_nurul_sg_14_2,drv_nurul_sg_14,Nurul Aisyah,stabilizer,SG,SGD,income_smoothing_buffer,Income smoothing buffer,safety,A small liquid pocket that tops up lean weeks so essentials are always covered.,short,1,1990,0,0.0,1990,2025-04-30,2025-08-13,-275,abandoned,per_trip_roundup,roundup,180,"{""cadence"": ""per_trip_roundup"", ""rule"": ""roundup"", ""params"": {""round_to"": 10}}",180,False,False,emergency_fund
goal_nurul_sg_14_3,drv_nurul_sg_14,Nurul Aisyah,stabilizer,SG,SGD,family_home_improvement,Home improvement for family,family,"Repairs or upgrades to the family home - a roof, a room, plumbing.",long,3,10950,2900,26.5,8050,2025-04-06,2027-03-26,315,active,weekly,fixed,270,"{""cadence"": ""weekly"", ""rule"": ""fixed"", ""params"": {""amount"": 270}}",15050,True,True,goal_pocket
goal_nurul_sg_14_4,drv_nurul_sg_14,Nurul Aisyah,stabilizer,SG,SGD,school_fees,Children's school fees,family,Build the next term's tuition and uniform costs ahead of the school calendar.,medium,2,3240,430,13.3,2810,2025-09-23,2026-10-10,148,active,weekly,fixed,80,"{""cadence"": ""weekly"", ""rule"": ""fixed"", ""params"": {""amount"": 80}}",2120,False,False,goal_pocket
goal_daniel_sg_15_1,drv_daniel_sg_15,Daniel Goh,firefighter,SG,SGD,income_smoothing_buffer,Income smoothing buffer,safety,A small liquid pocket that tops up lean weeks so essentials are always covered.,short,1,1790,1790,100.0,0.0,2025-04-23,2026-07-25,71,active,per_trip_roundup,roundup,240,"{""cadence"": ""per_trip_roundup"", ""rule"": ""roundup"", ""params"": {""round_to"": 10}}",4220,True,True,emergency_fund
goal_daniel_sg_15_2,drv_daniel_sg_15,Daniel Goh,firefighter,SG,SGD,vehicle_loan_payoff,Pay off vehicle loan early,debt,Clear the motorbike or car instalment ahead of schedule to free up monthly cashflow.,long,2,4490,1030,22.9,3460,2025-06-11,2027-08-19,461,active,weekly,percent_of_surplus,50,"{""cadence"": ""weekly"", ""rule"": ""percent_of_surplus"", ""params"": {""percent"": 10}}",4320,True,True,debt_paydown
goal_daniel_sg_15_3,drv_daniel_sg_15,Daniel Goh,firefighter,SG,SGD,emergency_fund,Emergency fund,safety,"A cash buffer for illness, vehicle breakdown, or a slow week - the gig-worker's substitute for sick leave.",medium,1,4770,1670,35.0,3100,2025-07-06,2026-10-29,167,active,weekly,percent_of_surplus,70,"{""cadence"": ""weekly"", ""rule"": ""percent_of_surplus"", ""params"": {""percent"": 15}}",3340,False,False,emergency_fund
